,,
,,
,,
,Andrew Williamson,Andrew Williamson <Andrew.Williamson@mottmac.com>;
,Nicholas Hives-Condon,Nicholas Hives-Condon <Nick.Condon@mottmac.com>;
,Adam Golden,Adam Golden <Adam.Golden@mottmac.com>;
,Simon Cross,Simon Cross <Simon.Cross@mottmac.com>
,Angela Fletcher,Angela Fletcher <Angela.Fletcher@mottmac.com>
,Pete Davis,Pete Davis <Pete.Davis@mottmac.com>
